{
	"appId": "com.pianoteacher.mobile",
	"appName": "Piano Teacher",
	"webDir": "dist/public",
	"server": {
		"androidScheme": "https"
	},
	"plugins": {
		"SplashScreen": {
			"launchShowDuration": 2000,
			"backgroundColor": "#8b5cf6",
			"showSpinner": false,
			"splashFullScreen": true,
			"splashImmersive": true
		},
		"StatusBar": {
			"style": "dark",
			"backgroundColor": "#8b5cf6"
		},
		"Keyboard": {
			"resize": "ionic"
		}
	},
	"ios": {
		"contentInset": "automatic"
	},
	"android": {
		"allowMixedContent": true,
		"captureInput": true
	},
	"packageClassList": [
		"KeyboardPlugin",
		"SplashScreenPlugin",
		"StatusBarPlugin"
	]
}
